{
    "foreground_intensity_properties_per_channel": {
        "0": {
            "max": 247.0,
            "mean": 46.377140045166016,
            "median": 48.0,
            "min": 0.0,
            "percentile_00_5": 0.0,
            "percentile_99_5": 145.0,
            "std": 31.578622817993164
        }
    },
    "median_relative_size_after_cropping": 0.9959372396327429,
    "shapes_after_crop": [
        [
            368,
            451,
            485
        ],
        [
            395,
            404,
            496
        ],
        [
            596,
            507,
            527
        ],
        [
            625,
            516,
            501
        ],
        [
            415,
            443,
            493
        ],
        [
            359,
            525,
            567
        ],
        [
            431,
            407,
            462
        ],
        [
            505,
            419,
            503
        ],
        [
            395,
            386,
            480
        ],
        [
            631,
            485,
            552
        ],
        [
            555,
            431,
            524
        ],
        [
            457,
            426,
            617
        ],
        [
            444,
            431,
            470
        ],
        [
            452,
            423,
            531
        ],
        [
            530,
            397,
            487
        ],
        [
            489,
            425,
            470
        ],
        [
            479,
            442,
            500
        ],
        [
            375,
            419,
            552
        ],
        [
            470,
            493,
            489
        ],
        [
            470,
            419,
            509
        ],
        [
            563,
            481,
            590
        ],
        [
            528,
            500,
            457
        ],
        [
            379,
            437,
            463
        ],
        [
            440,
            462,
            533
        ],
        [
            567,
            478,
            507
        ],
        [
            544,
            501,
            488
        ],
        [
            458,
            362,
            552
        ],
        [
            546,
            480,
            604
        ],
        [
            610,
            444,
            559
        ],
        [
            695,
            510,
            588
        ],
        [
            583,
            521,
            536
        ],
        [
            450,
            428,
            512
        ]
    ],
    "spacings": [
        [
            0.11999999731779099,
            0.11999999731779099,
            0.11999999731779099
        ],
        [
            0.11999999731779099,
            0.11999999731779099,
            0.11999999731779099
        ],
        [
            0.11999999731779099,
            0.11999999731779099,
            0.11999999731779099
        ],
        [
            0.11999999731779099,
            0.11999999731779099,
            0.11999999731779099
        ],
        [
            0.11999999731779099,
            0.11999999731779099,
            0.11999999731779099
        ],
        [
            0.11999999731779099,
            0.11999999731779099,
            0.11999999731779099
        ],
        [
            0.11999999731779099,
            0.11999999731779099,
            0.11999999731779099
        ],
        [
            0.11999999731779099,
            0.11999999731779099,
            0.11999999731779099
        ],
        [
            0.10999999940395355,
            0.10999999940395355,
            0.10999999940395355
        ],
        [
            0.10999999940395355,
            0.10999999940395355,
            0.10999999940395355
        ],
        [
            0.11999999731779099,
            0.11999999731779099,
            0.11999999731779099
        ],
        [
            0.11999999731779099,
            0.11999999731779099,
            0.11999999731779099
        ],
        [
            0.11999999731779099,
            0.11999999731779099,
            0.11999999731779099
        ],
        [
            0.11999999731779099,
            0.11999999731779099,
            0.11999999731779099
        ],
        [
            0.11999999731779099,
            0.11999999731779099,
            0.11999999731779099
        ],
        [
            0.11999999731779099,
            0.11999999731779099,
            0.11999999731779099
        ],
        [
            0.11999999731779099,
            0.11999999731779099,
            0.11999999731779099
        ],
        [
            0.11999999731779099,
            0.11999999731779099,
            0.11999999731779099
        ],
        [
            0.11999999731779099,
            0.11999999731779099,
            0.11999999731779099
        ],
        [
            0.11999999731779099,
            0.11999999731779099,
            0.11999999731779099
        ],
        [
            0.11999999731779099,
            0.11999999731779099,
            0.11999999731779099
        ],
        [
            0.11999999731779099,
            0.11999999731779099,
            0.11999999731779099
        ],
        [
            0.11999999731779099,
            0.11999999731779099,
            0.11999999731779099
        ],
        [
            0.11999999731779099,
            0.11999999731779099,
            0.11999999731779099
        ],
        [
            0.11999999731779099,
            0.11999999731779099,
            0.11999999731779099
        ],
        [
            0.11999999731779099,
            0.11999999731779099,
            0.11999999731779099
        ],
        [
            0.10999999940395355,
            0.10999999940395355,
            0.10999999940395355
        ],
        [
            0.10999999940395355,
            0.10999999940395355,
            0.10999999940395355
        ],
        [
            0.11999999731779099,
            0.11999999731779099,
            0.11999999731779099
        ],
        [
            0.11999999731779099,
            0.11999999731779099,
            0.11999999731779099
        ],
        [
            0.11999999731779099,
            0.11999999731779099,
            0.11999999731779099
        ],
        [
            0.11999999731779099,
            0.11999999731779099,
            0.11999999731779099
        ]
    ]
}