{
    "foreground_intensity_properties_per_channel": {
        "0": {
            "max": 255.0,
            "mean": 45.61237335205078,
            "median": 45.0,
            "min": 0.0,
            "percentile_00_5": 0.0,
            "percentile_99_5": 189.0,
            "std": 38.307518005371094
        }
    },
    "median_relative_size_after_cropping": 0.9977323213624584,
    "shapes_after_crop": [
        [
            395,
            404,
            496
        ],
        [
            596,
            507,
            527
        ],
        [
            625,
            516,
            501
        ],
        [
            415,
            443,
            493
        ],
        [
            359,
            525,
            567
        ],
        [
            431,
            407,
            462
        ],
        [
            555,
            431,
            524
        ],
        [
            452,
            423,
            531
        ],
        [
            530,
            397,
            487
        ],
        [
            479,
            442,
            500
        ],
        [
            375,
            419,
            552
        ],
        [
            470,
            493,
            489
        ],
        [
            470,
            419,
            509
        ],
        [
            563,
            481,
            590
        ],
        [
            528,
            500,
            457
        ],
        [
            379,
            437,
            463
        ],
        [
            440,
            462,
            533
        ],
        [
            567,
            478,
            507
        ],
        [
            544,
            501,
            488
        ],
        [
            458,
            362,
            552
        ],
        [
            546,
            480,
            604
        ],
        [
            610,
            444,
            559
        ],
        [
            695,
            510,
            588
        ],
        [
            583,
            521,
            536
        ],
        [
            91,
            1024,
            1024
        ],
        [
            91,
            1024,
            1024
        ],
        [
            91,
            1024,
            1024
        ],
        [
            91,
            1024,
            1024
        ],
        [
            91,
            1024,
            1024
        ],
        [
            91,
            1024,
            1024
        ]
    ],
    "spacings": [
        [
            0.11999999731779099,
            0.11999999731779099,
            0.11999999731779099
        ],
        [
            0.11999999731779099,
            0.11999999731779099,
            0.11999999731779099
        ],
        [
            0.11999999731779099,
            0.11999999731779099,
            0.11999999731779099
        ],
        [
            0.11999999731779099,
            0.11999999731779099,
            0.11999999731779099
        ],
        [
            0.11999999731779099,
            0.11999999731779099,
            0.11999999731779099
        ],
        [
            0.11999999731779099,
            0.11999999731779099,
            0.11999999731779099
        ],
        [
            0.11999999731779099,
            0.11999999731779099,
            0.11999999731779099
        ],
        [
            0.11999999731779099,
            0.11999999731779099,
            0.11999999731779099
        ],
        [
            0.11999999731779099,
            0.11999999731779099,
            0.11999999731779099
        ],
        [
            0.11999999731779099,
            0.11999999731779099,
            0.11999999731779099
        ],
        [
            0.11999999731779099,
            0.11999999731779099,
            0.11999999731779099
        ],
        [
            0.11999999731779099,
            0.11999999731779099,
            0.11999999731779099
        ],
        [
            0.11999999731779099,
            0.11999999731779099,
            0.11999999731779099
        ],
        [
            0.11999999731779099,
            0.11999999731779099,
            0.11999999731779099
        ],
        [
            0.11999999731779099,
            0.11999999731779099,
            0.11999999731779099
        ],
        [
            0.11999999731779099,
            0.11999999731779099,
            0.11999999731779099
        ],
        [
            0.11999999731779099,
            0.11999999731779099,
            0.11999999731779099
        ],
        [
            0.11999999731779099,
            0.11999999731779099,
            0.11999999731779099
        ],
        [
            0.11999999731779099,
            0.11999999731779099,
            0.11999999731779099
        ],
        [
            0.10999999940395355,
            0.10999999940395355,
            0.10999999940395355
        ],
        [
            0.10999999940395355,
            0.10999999940395355,
            0.10999999940395355
        ],
        [
            0.11999999731779099,
            0.11999999731779099,
            0.11999999731779099
        ],
        [
            0.11999999731779099,
            0.11999999731779099,
            0.11999999731779099
        ],
        [
            0.11999999731779099,
            0.11999999731779099,
            0.11999999731779099
        ],
        [
            0.4000000059604645,
            0.04800000041723251,
            0.04800000041723251
        ],
        [
            0.4000000059604645,
            0.04800000041723251,
            0.04800000041723251
        ],
        [
            0.4000000059604645,
            0.04800000041723251,
            0.04800000041723251
        ],
        [
            0.4000000059604645,
            0.04800000041723251,
            0.04800000041723251
        ],
        [
            0.4000000059604645,
            0.04800000041723251,
            0.04800000041723251
        ],
        [
            0.4000000059604645,
            0.04800000041723251,
            0.04800000041723251
        ]
    ]
}