{
    "foreground_intensity_properties_per_channel": {
        "0": {
            "max": 255.0,
            "mean": 38.372154235839844,
            "median": 4.0,
            "min": 0.0,
            "percentile_00_5": 0.0,
            "percentile_99_5": 255.0,
            "std": 62.09797286987305
        }
    },
    "median_relative_size_after_cropping": 1.0,
    "shapes_after_crop": [
        [
            91,
            1024,
            1024
        ],
        [
            91,
            1024,
            1024
        ],
        [
            91,
            1024,
            1024
        ],
        [
            91,
            1024,
            1024
        ],
        [
            91,
            1024,
            1024
        ],
        [
            91,
            1024,
            1024
        ],
        [
            91,
            1024,
            1024
        ],
        [
            91,
            1024,
            1024
        ],
        [
            91,
            1024,
            1024
        ],
        [
            91,
            1024,
            1024
        ],
        [
            91,
            1024,
            1024
        ],
        [
            91,
            1024,
            1024
        ],
        [
            91,
            1024,
            1024
        ],
        [
            91,
            1024,
            1024
        ],
        [
            91,
            1024,
            1024
        ],
        [
            91,
            1024,
            1024
        ]
    ],
    "spacings": [
        [
            0.4000000059604645,
            0.04800000041723251,
            0.04800000041723251
        ],
        [
            0.4000000059604645,
            0.04800000041723251,
            0.04800000041723251
        ],
        [
            0.4000000059604645,
            0.04800000041723251,
            0.04800000041723251
        ],
        [
            0.4000000059604645,
            0.04800000041723251,
            0.04800000041723251
        ],
        [
            0.4000000059604645,
            0.04800000041723251,
            0.04800000041723251
        ],
        [
            0.4000000059604645,
            0.04800000041723251,
            0.04800000041723251
        ],
        [
            0.4000000059604645,
            0.04800000041723251,
            0.04800000041723251
        ],
        [
            0.4000000059604645,
            0.04800000041723251,
            0.04800000041723251
        ],
        [
            0.4000000059604645,
            0.04800000041723251,
            0.04800000041723251
        ],
        [
            0.4000000059604645,
            0.04800000041723251,
            0.04800000041723251
        ],
        [
            0.4000000059604645,
            0.04800000041723251,
            0.04800000041723251
        ],
        [
            0.4000000059604645,
            0.04800000041723251,
            0.04800000041723251
        ],
        [
            0.4000000059604645,
            0.04800000041723251,
            0.04800000041723251
        ],
        [
            0.4000000059604645,
            0.04800000041723251,
            0.04800000041723251
        ],
        [
            0.4000000059604645,
            0.04800000041723251,
            0.04800000041723251
        ],
        [
            0.4000000059604645,
            0.04800000041723251,
            0.04800000041723251
        ]
    ]
}